http://asilmedia.org,200,0,2026-01-30T11:01:30.415364
https://asilmedia.org,200,0,2026-01-30T11:06:47.357118
https://asilmedia.org,200,0,2026-01-30T11:13:51.812157
asilmedia.org,200,0,2026-01-30T11:26:19.597267
asilmedia.org,200,0,2026-01-30T11:36:58.252218
asilmedia.org,https,200,0,2026-01-30T11:40:17.683016
asilmedia.org,200,0,2026-01-30T11:49:38.777770
student.samtuit.uz,200,0,2026-01-30T11:50:04.972928
asilmedia.org,200,0,2026-01-30T11:58:30.956404
student.samtuit.uz,200,0,2026-01-30T11:59:02.513292
student.samtuit.uz,200,0,2026-01-30T12:05:08.110719
